{"Type":"RED","W_I_H1":[[0.7129631170176964,-0.1521797382376926,-0.48515291719035125,-0.1042508695051958,-0.43774417485623407,0.9076143450636889,0.17421856870306218,-0.3384861476510912,0.7367540055253385],[-0.3321118695999177,0.604407001711061,0.20557644869221292,0.9655500503956853,0.6732625865445083,0.6467516991431665,-0.8904677680467608,0.8775520686715472,0.09147522101854921],[0.11584171849259861,-0.281278576083388,-0.48444694216207873,0.04043419831171158,0.7643067315542706,0.3917400034296401,-0.8139375095593198,0.3699887891835518,-0.4963474492681852],[0.6058790686820676,-0.18988415052878072,0.16867983075777526,0.012486124603976467,-0.65642621907264,-0.34887152382177455,0.17457068762882844,0.7345821580627208,-0.5344029521988527],[-0.5910500856817089,-0.12316959665724858,-0.7906098523671872,-0.4043565228061039,0.0820737234500406,0.4017481686549442,0.892255755866805,0.215689102886236,0.4772645769619219],[0.42611009247545883,-0.4722604839135962,-0.7073969590749511,0.6073821907781443,0.5053622162435882,0.8419139787496634,-0.141128647742359,0.03914661463434377,-0.7001501963556027],[-0.5949087550618395,-0.8454859392348923,0.89899847839534,0.2884608285401724,0.8601503054406621,0.3662748614277669,-0.6628988395695126,0.8274294246353342,-0.2629908926943947],[-0.03640664317332609,-0.9167437806957026,0.31930724804282185,0.18927999686673092,0.8892034957485684,0.1302951645897592,-0.31217602207636297,-0.6921401686976829,0.8670839050694583],[-0.09132999598587221,-0.014627816267033689,-0.5019581157262103,0.2741599770671195,-0.009154743343688931,-0.8594908055954946,0.701129164891106,-0.5699776567379209,-0.3222964009761513],[-0.5680167247397867,-0.7638497558179251,0.18070089942513357,0.13779702752911738,-0.2148153557316672,0.058191413132163916,0.38485657216321734,0.031616267297345235,0.5427103243843452],[-0.3981027495649949,0.8843210122234446,0.44450091544285053,-0.6415727038082037,-0.14713131410070335,0.2563627060310014,0.8974693315310425,-0.19029869333766958,-0.3427062617194401],[-0.8151843399319894,0.573575467204023,-0.0652615014978335,0.31250652977724247,-0.5498647705338358,-0.33944264391156764,-0.49761356447416194,0.2743358659694315,-0.2767177918217949]],"W_H1_H2":[[-0.7346710877127149,-0.08703569331685745,-0.9808124758941716,-0.5128530612981039,-0.9453873057874596,-0.7804912712460699,0.5319067525004888,-0.6274979912896721,0.1655214261640372,0.049738318741386234,-0.2190498484260872,-0.34380857269948395],[-0.9453216618988023,0.03379696226029982,-0.16086581035181058,0.05328961024227885,-0.9342756921718751,-0.029479529651354586,-0.1102313436522333,-0.6830424141460283,0.15775593372063734,0.1405859079567966,-0.6332961827610701,0.7083459401259933],[-0.679986599529677,0.9891631591468353,0.8798313404893807,0.33959470437308625,0.6668400659518201,0.4705059158130602,0.41195238459508055,0.2596604220846368,0.24849658246849549,0.9311893666896605,-0.7830355505156374,-0.9617700206550062],[-0.9619425292662467,0.51795892199866,0.8878589879454695,-0.7137141063474763,-0.5194219096968467,-0.1962692613153405,-0.005729122930539399,0.26213576916822223,0.29671819741245,0.43529367012322795,0.2615785997733311,0.794718268021525],[-0.1537765089973433,-0.663928624622623,-0.8800173966800442,0.9565115848344559,-0.16639032368107087,-0.38912873861896147,-0.13695225171239267,0.5798235518726735,0.8829556739778543,0.902062042863534,-0.6440215805087233,-0.08088272616632519]],"B_H1":[-0.04337904810773052,0.35802923213975957,-0.7781716377330958,0.2584110947292544,0.8186586593084637,-0.9756828535197084,0.12645931764506302,0.39646611570759815,0.25172052755083274,0.3336601278601259,-0.7402779361980065,0.07019865384903556],"W_H2_O":[[0.3733620546985592,-0.09999537960801219,0.42171260026542723,0.7308059566581238,0.5494950304343775],[-0.6401630578336104,0.5511809404918868,-0.2148553430982656,-0.3412643596045426,-0.8598086595251138],[0.5789435572445876,-0.7925494965534308,-0.17763516272982605,-0.31471896357925155,0.7180944783738483]],"B_H2":[-0.23269518146685453,0.4882001405951919,-0.04143803623102338,0.08891215725168977,0.6968439593438014],"B_O":[-0.9818716744896923,0.6747823885737181,-0.32556783102641296],"Points":10890}