{"Type":"BLUE","W_I_H1":[[-0.8398562256947331,0.2530426371191554,-0.08550198809307097,-0.7581728029638994,-0.10565523845418956,-0.19480834686292536,0.9712289477937044,0.35474135701083465,-0.8481056139653065],[0.7992656868563863,0.8334276516720378,0.10935035543410465,-0.4232013439945954,0.10851791999280169,-0.8449759372448782,-0.5359204066482381,0.8379032904432149,0.15546267935306535],[0.47635307795997006,0.9384991220084629,-0.1911203273473414,-0.8145703911040136,0.4682660305781967,-0.05762947339984614,-0.5935929086214748,0.16452476861435006,-0.0023388899038889743],[0.39965746873772257,0.45338521457652403,0.15561426018165192,-0.3319319987851477,-0.845620063332928,-0.31826979884546214,0.4552869920935487,-0.42231118479196894,-0.17461471599729195],[-0.26505981881722085,-0.07240258756164297,0.8681256323963573,0.587319261254863,0.832846748280089,-0.23846033489236396,-0.4153254216091875,0.13131354677126983,0.39627299487337253],[0.3504173941717037,-0.9486828215639171,0.2672050096602654,-0.3665402635348789,-0.21487045853000586,0.6410748363067051,0.7369008763183174,0.6588788318467986,-0.27532791079194663],[-0.4511630957997619,0.41457928230413654,-0.6718614759227715,-0.22588798041044367,0.8338631893926065,0.43468916899672116,0.9427982307179505,0.4344096778204638,-0.45891505573166635],[0.8914541359191004,-0.3304902326213097,-0.1817277474400758,-0.46210684796560453,-0.2876210135970527,0.09119216371886196,0.6563389026607094,-0.28626220877814657,0.0760435535745656],[-0.20294655159708208,-0.8817224750126678,-0.9997518658424234,-0.9773581712462187,0.9452155077414699,-0.3251253541500849,-0.4928811399833295,-0.5769217066684647,-0.8160494260388615],[0.6198747506854878,-0.26782509625961604,-0.9666351008511542,0.35104811072604836,-0.48023699068501235,-0.7794292250717154,-0.8841801091793247,-0.772513974493654,-0.677693963524344],[-0.14541713228335262,-0.9365540154545964,-0.5436658632962121,0.6610095879809483,-0.3960832533508438,0.75677402893588,0.2963268418395859,0.9688770083104192,-0.5551375467671233],[-0.5597725237984474,0.661219087575545,0.36054712592753924,-0.1225024180505565,-0.7162364898844682,-0.9630886286906264,-0.425345575363796,-0.1639019785971203,0.27727825591635247]],"W_H1_H2":[[-0.9349506588626968,0.5230840157387671,0.5757142195426237,-0.3285946236797377,-0.028073943516599087,0.30288219538457994,-0.054482125277244275,0.0522969833212763,-0.8303069844495896,-0.7896755687262438,0.0038520233029404327,-0.9017651382840746],[-0.41629707203224897,-0.8823124222178513,0.610554471223927,-0.29610095460881336,-0.6230990743845504,-0.22670911875933175,0.4128308578664286,0.8217274336783555,0.36501930558872675,0.383071220711527,-0.30674662190489954,0.9780163836317646],[0.2845550947055746,0.19839562422504153,-0.8157553522584229,-0.936176019872119,-0.7525517807803217,-0.8473435698124849,-0.7319213723278213,0.6865927622073453,0.5716786866040293,-0.16523018161625536,-0.2605978876226054,0.582022879019614],[0.48697015696076607,0.10337774719029591,-0.4580387933257817,0.5655752265250653,-0.5626042722902769,-0.39079510957028796,0.6855982031386028,0.3087921059461718,0.02504114229299681,0.23156386000366713,-0.3430783586432098,0.4986351188992457],[0.23160370723590296,-0.9950664527186988,0.4120245717086142,0.16854990440693696,0.582853060268764,-0.3130233661306401,-0.8685141699937926,-0.40674075947594646,0.09405838841108571,-0.4107475884206331,0.7614826255300085,0.054285301794710694]],"B_H1":[0.07712293604579634,-0.8236106093260618,0.09070595416916594,-0.6054132950584525,0.9106814943736798,-0.037077023760377914,-0.7210420199614598,0.46868577129562006,-0.8943257546827186,-0.4261142125420463,-0.8958280480694574,0.022663672753481023],"W_H2_O":[[-0.7257378267078674,0.9057461942264109,-0.8365334197636736,-0.3658743869001866,-0.46289847547591667],[-0.46520494661240885,0.7547152892510065,-0.5104735432126453,-0.5073119602197618,0.2914927051068801],[-0.26062994434602405,-0.23186954854718778,0.03380962583173708,0.9346347106898112,-0.7322052205837484]],"B_H2":[-0.16995505504445885,0.8225206939012661,0.9580409821654803,0.2612846360761911,0.29168793656824143],"B_O":[0.10583252285265488,0.2805323572508873,0.7802651607880857],"Points":10540}