{"Type":"BLUE","W_I_H1":[[0.0602553935018697,0.7792765977534359,0.580770660899306,0.3348534187181911,-0.07923306484079395,-0.8567361619015337,0.36371001001089986,-0.7099810480396314,-0.7339115166994072],[0.38123804288465113,-0.5713608588505448,-0.8575087242881803,-0.9961897297502176,-0.9540245454533605,-0.4393308362250752,-0.2461786813938689,-0.759761580508836,-0.619672779796578],[-0.6377411423514683,0.7739032882254173,0.6383634607572,-0.7561606110829944,-0.8788318510391506,0.9409621857934278,0.23147425518090503,-0.7789607660265747,-0.1720491887244855],[0.08762743524493577,-0.536006273301415,0.3218328945099662,-0.1649165010993343,0.7944392690980966,-0.7138366103830052,0.9834258387800119,-0.1783009597234113,-0.25432815860813296],[-0.10325711005760385,-0.8336893865798674,-0.5136480356768613,-0.32506059625496175,-0.8624123498310261,-0.4920259481792473,0.5049902551999208,0.22344342834170483,-0.6366816353816249],[0.32968887691658644,-0.7759164006525034,0.1254987397507188,0.9654265733467853,-0.07975472714842957,0.7999442755507231,0.9891471569068606,0.05572173329717445,0.32894426423106204],[0.525180479608472,0.38215936302079023,-0.4974794213033802,0.21983086403437824,0.2967244000917215,0.3772241354126975,0.5020769014545234,-0.5835609038052292,0.41970996774283664],[-0.7841589262247737,-0.11011687167271389,0.37278594372664275,-0.932727322875559,0.34188371326910394,0.899806333064171,0.3323705110818116,0.9434798448622077,0.9733060772241331],[0.6746097125792059,0.0929552389324666,-0.6486706352512348,0.10991634233124103,0.3703465203115248,-0.5543268011159141,-0.7252694777852122,-0.6342295187971856,0.3849197193735958],[-0.7193220848988213,0.4992876263103905,0.471673403518992,-0.571645040748219,0.6678223422743936,0.7659503759074349,-0.3706955097885818,-0.6402518984214787,-0.627190404751734],[0.86285248492431,-0.04875997465590931,-0.6181323877192713,-0.10597398187989637,-0.5828329083952202,0.48677422432408135,-0.19736034154881188,0.9370393113161932,0.11211984350515736],[-0.4159110489052793,0.7437593600274564,-0.6858957720866399,-0.6989566895736086,0.6377617492206049,0.11480862099206468,0.9602645588045793,0.7900560912443566,0.6202085509671018]],"W_H1_H2":[[0.562288582193005,0.588243493051686,-0.5495181016206965,0.646275365929156,-0.7526644686347383,-0.6963738107164368,0.22555082259454373,0.9396491149663286,0.22307723018442416,0.9647895874523738,-0.22197474718142196,-0.8036734516231787],[-0.7986849800117648,0.36473052404565043,0.13761255829833474,0.6702624115474691,-0.5860808052560127,0.7047480133673163,0.16636019811965386,0.2624134804495346,0.738587524356723,0.39191834748542687,0.8042593034339809,-0.8807398057056273],[-0.88718669318129,-0.6027965279814989,-0.8402194665387588,0.5702931279067494,0.855862235568327,-0.7854445102749701,-0.9994145125016507,-0.06479835523567878,0.72357019099395,0.68593650811411,-0.5972061819217325,-0.20319418840210668],[0.7661198144981292,-0.9538900681127238,-0.8189044240541581,-0.12640051951339615,0.5109452332080202,-0.644163095596813,-0.7758087745122486,0.5854228170771556,-0.9404275843264074,-0.362560143560108,0.44349300022327043,0.538421158421444],[-0.0035936460033143547,0.005845309907493101,0.29994735501715386,-0.48769983241153536,0.3314178547100495,0.8920989409864366,0.4149008571942143,-0.9596553855322467,-0.10826813117526113,0.5401810359445807,-0.547485366226768,0.04286950814476986]],"B_H1":[-0.6237877715266076,0.22039137643507378,0.6165003427738387,0.8866594239048544,0.9549075961666225,0.8599503997607825,0.3014652489551637,-0.15184280626680335,-0.5358393079696264,0.8491668578688873,0.04507904383665151,0.40847587915467054],"W_H2_O":[[0.21578419028650364,0.9761123693643841,-0.8905040997325351,-0.6823150107699276,-0.31599885565676433],[-0.9329434129194079,0.7232805139750789,-0.6711083755430334,-0.96312739737338,-0.6164424096540113],[-0.15760324811527138,-0.17631665701223342,0.28154174692589184,-0.22049185828296802,-0.7337841097897795]],"B_H2":[-0.2629117260653284,-0.39626044432443086,-0.24975862554392814,-0.03439120296356424,-0.9324777446176986],"B_O":[-0.6954033546809577,-0.15894301186117632,0.391993259440903],"Points":11140}