{"Type":"RED","W_I_H1":[[-0.6587132946984904,-0.7491430768334817,-0.48515291719035125,-0.6551752387586607,-0.4613568615458865,0.665335154048641,-0.5824838130827996,-0.3384861476510912,0.7367540055253385],[-0.3321118695999177,0.604407001711061,-0.09565933885737787,0.02173724384583875,-0.7544355305651143,0.6467516991431665,-0.8904677680467608,0.8775520686715472,0.09147522101854921],[0.11584171849259861,-0.281278576083388,-0.48444694216207873,0.04043419831171158,0.7643067315542706,-0.40098626074529453,-0.8139375095593198,0.3699887891835518,-0.4963474492681852],[0.6058790686820676,-0.01697090408827817,-0.6798039277792132,0.012486124603976467,0.3364967557034766,0.6472628643531992,0.17457068762882844,0.7345821580627208,-0.5344029521988527],[-0.5910500856817089,-0.12316959665724858,-0.7906098523671872,-0.47989243817633875,0.0820737234500406,-0.5048564753824774,0.892255755866805,0.08539484492517779,0.4772645769619219],[0.42611009247545883,-0.4722604839135962,-0.7823972709937341,0.6073821907781443,-0.751239824369349,0.8419139787496634,-0.141128647742359,-0.0028621849429537605,-0.7001501963556027],[-0.5949087550618395,0.14220778031266113,0.9088575846861726,0.2884608285401724,0.8601503054406621,0.3662748614277669,0.9039308951215206,-0.443037814977739,-0.2629908926943947],[-0.03640664317332609,-0.9167437806957026,0.6978137737688563,0.18927999686673092,0.8892034957485684,0.12097491019286233,-0.7680465746107581,-0.6921401686976829,0.8670839050694583],[-0.09132999598587221,0.9100673466026512,-0.5019581157262103,0.2741599770671195,-0.8704204473632569,-0.8594908055954946,-0.8929300368748827,0.18369215965697272,0.15655060705608426],[-0.9662631229127026,0.20975254648750674,0.18070089942513357,0.13779702752911738,-0.2148153557316672,0.058191413132163916,0.38485657216321734,0.031616267297345235,-0.8417723702879545],[-0.3981027495649949,0.8843210122234446,0.44450091544285053,0.06031498752595721,-0.5830268275367521,-0.5040542033431035,0.786135389313334,-0.533652503455518,-0.8135121671524599],[0.07955832421524867,0.7658837432336794,-0.0652615014978335,0.31250652977724247,0.5751450153771289,-0.4308363405282112,-0.49761356447416194,0.2743358659694315,0.6555038854867858]],"W_H1_H2":[[-0.930811587084579,-0.3505629151002765,-0.9797242362101937,0.8578610311078863,-0.9453873057874596,-0.7804912712460699,0.5007035740539634,0.7506342025047461,0.561208811067851,-0.8719934858600493,-0.2190498484260872,-0.5167879124773411],[-0.9453216618988023,0.03379696226029982,0.32778662633748246,0.05328961024227885,-0.05664105260143426,-0.0573769981504364,-0.1102313436522333,-0.6830424141460283,0.15775593372063734,0.1405859079567966,-0.7248161483937807,0.7083459401259933],[-0.679986599529677,-0.5549909397252517,-0.5760594915303916,0.33959470437308625,0.2807130376378999,0.15926764991527942,0.41195238459508055,0.2596604220846368,0.24849658246849549,0.5960531775350133,-0.6641615781050718,-0.9617700206550062],[0.9260785669753522,0.51795892199866,-0.22762750119136554,-0.7137141063474763,-0.26195002090483266,-0.1962692613153405,0.4844577269214534,-0.35741396218502275,0.12692992937612568,0.43529367012322795,-0.0020568228618496054,0.7861997207884759],[-0.1537765089973433,-0.663928624622623,0.6613950589801367,0.9565115848344559,-0.5747077745106344,-0.13029850098335083,-0.13695225171239267,0.5798235518726735,0.8829556739778543,-0.6007793396363093,-0.6440215805087233,0.1973046910590357]],"B_H1":[0.41969812086973346,0.35802923213975957,-0.7781716377330958,-0.9872119790065632,0.8186586593084637,-0.9756828535197084,-0.2449421029691936,0.6902710895767667,0.25172052755083274,0.5949345178146181,-0.7402779361980065,0.07019865384903556],"W_H2_O":[[0.7762184031746846,-0.1441419504263426,-0.6816999872933984,0.7308059566581238,0.8838520102972414],[0.8035615468867183,-0.8602463947197561,-0.2148553430982656,0.5021388447143342,0.3560828952799622],[0.08643678135558108,-0.7925494965534308,-0.17763516272982605,-0.31471896357925155,-0.9743999909980965]],"B_H2":[-0.23269518146685453,0.2072270657814157,-0.04143803623102338,0.08891215725168977,0.6968439593438014],"B_O":[-0.4258552830287681,0.6747823885737181,-0.32556783102641296],"Points":9340}