{"Type":"BLUE","W_I_H1":[[-0.892205001045522,0.8031284804228032,0.45458720547667264,0.9675062237635075,-0.412907524884188,-0.2802966102610198,-0.42834345279682995,0.9589044648401446,-0.987267211404212],[-0.48693697311535944,-0.43730937570651296,0.9301108830962703,-0.8651428471271225,0.4524395188105217,0.34142579944508,0.34571122503647356,-0.33572820913879586,0.3754910665046982],[-0.5645565120898042,-0.3405541584778242,-0.8633270167092633,0.7568333340574456,-0.8744537359292337,0.035138356810696214,0.7239876453847331,-0.5365738659268222,0.24343224001268693],[0.17199433103413542,0.05294134622256097,-0.3944696385609159,-0.7126160459498725,0.9863667739597302,0.4005039176842369,-0.16233770986512375,0.9003102990786236,0.21597427308864336],[0.38079469944382427,0.5468883172827721,-0.17000432079639527,-0.8888977790214896,0.7447693195326142,0.02341197568517006,0.3834759934895122,0.22653673539668384,-0.06245380613637086],[0.1926197547306039,-0.421848147074094,0.37354330289695015,-0.30252126202336926,-0.7519623726876679,0.653299428260411,-0.6634624109385736,0.35220669494079315,-0.800057772552931],[-0.13459886942983434,-0.27068774319376376,-0.5326508980483631,-0.6329703681841952,-0.27417742624877817,-0.7531765412906763,-0.15844670442287256,0.7833082405218217,-0.5366888225547826],[-0.7883835166899045,-0.15357617594822615,-0.6765679350441252,0.6731267184043355,0.48475152125828913,0.003020433237009179,-0.24997318860116535,0.9504644276084238,0.5424461128989266],[-0.4572705035747282,0.5878928687925025,0.47708715127752543,-0.008078191273088287,0.7649416517001186,0.9493444224348437,-0.3346409834683013,-0.07107916898980826,0.4236664495444884],[0.8664745490201831,-0.8751610740495539,0.6103948217314614,0.25177191674876576,0.10018113577838861,0.0050675368457266945,-0.27137625490809136,-0.9723314734920243,-0.6606773901375209],[-0.33630238952569624,-0.37857567396713465,-0.09963273952837892,-0.9770825219957746,0.25378174411689236,-0.5014967728719963,0.2218716832510883,0.1785097025859792,-0.6427775501683974],[-0.6165398456876303,0.6342212014859356,-0.4341863697841557,0.896890215990082,-0.6951665082504541,0.7609915274950525,0.1425029716323707,-0.21848830994637614,-0.19813930558549808]],"W_H1_H2":[[0.043107693378329204,0.07918370242853068,0.21087773676815313,0.19069345755552902,-0.25764252788147446,-0.5675133253328086,0.035897400067852026,-0.9001782145323576,-0.11002120442084107,0.6411552964197473,0.12606355192419105,0.6408309028805621],[-0.2060492398153979,-0.029015069406798766,0.5854274889653139,0.05015302071647154,-0.4311593822697517,0.6230159332157066,-0.722067337999007,0.6939367377075352,-0.1555890464815206,-0.13276436474310604,-0.20436850300437626,-0.3574912975653832],[0.19184625087923735,-0.3980013724683833,-0.15942965169715895,-0.15636978799337653,-0.4443167509553041,0.6828073999946047,-0.20292557347252393,-0.3291576872372015,0.8076291971109886,0.36185335998331625,-0.6242345504368512,0.5176569678450642],[-0.28453569423259917,-0.6699680391290785,-0.5409741009518985,-0.2827453078873219,0.7426143369592761,0.13239683003063996,0.40642007450285433,0.5467800480503173,-0.9181751195326897,-0.17097122713255986,0.22487034193074362,0.016877839741415546],[-0.6015755968681262,-0.806159098493531,-0.6773171986796465,-0.16678065694210575,-0.1830019069868738,0.7825983393522093,0.8503148631440349,0.5095963504205427,-0.6580991497697755,-0.10644256537219188,-0.8413638589098436,-0.5303384772600805]],"B_H1":[-0.5305781771304747,-0.6463431969979714,0.7723720232050499,-0.44803493117432436,0.7471329854402078,0.8902174091040076,0.4917163176225434,0.7017404434038339,0.11402948025204052,0.819550529506581,0.055451945575269335,0.710775344458908],"W_H2_O":[[-0.4700097937977912,0.4812424192228508,0.1790850358275562,-0.9511517131816782,-0.28552509389934677],[0.11459306300150818,-0.18004462486736017,0.971914053825182,-0.5990214418016961,0.14061835408498657],[-0.4896430912892349,-0.80053214262678,-0.5815988800604783,0.6350368798299224,0.6876907484048074]],"B_H2":[0.5539931397497733,0.512887229911668,0.762348816795023,0.9691366721802177,-0.4395033772503434],"B_O":[0.2623558988850605,0.44289785049293795,-0.03945991428738371],"Points":9340}