{"Type":"RED","W_I_H1":[[-0.6587132946984904,-0.1521797382376926,-0.48515291719035125,-0.6551752387586607,-0.4613568615458865,0.9076143450636889,0.17421856870306218,-0.3384861476510912,0.7367540055253385],[-0.3321118695999177,0.604407001711061,0.20557644869221292,0.10515357298280481,-0.9926336980952333,0.6467516991431665,-0.8904677680467608,0.8775520686715472,0.09147522101854921],[0.11584171849259861,-0.281278576083388,-0.48444694216207873,0.04043419831171158,0.7643067315542706,-0.40098626074529453,-0.8139375095593198,0.3699887891835518,-0.4963474492681852],[0.6058790686820676,-0.01697090408827817,-0.6798039277792132,0.012486124603976467,-0.65642621907264,-0.34887152382177455,0.17457068762882844,0.7345821580627208,-0.5344029521988527],[-0.5910500856817089,-0.12316959665724858,-0.7906098523671872,-0.4043565228061039,0.0820737234500406,0.32692247951195297,0.892255755866805,0.215689102886236,0.4772645769619219],[0.42611009247545883,-0.4722604839135962,-0.7073969590749511,0.6073821907781443,0.5053622162435882,0.8419139787496634,-0.141128647742359,0.03914661463434377,-0.7001501963556027],[-0.5949087550618395,-0.8454859392348923,0.89899847839534,0.2884608285401724,0.8601503054406621,0.3662748614277669,0.46498173140338284,-0.443037814977739,-0.2629908926943947],[-0.03640664317332609,-0.9167437806957026,0.6978137737688563,0.18927999686673092,0.8892034957485684,0.1302951645897592,-0.7680465746107581,-0.6921401686976829,0.8670839050694583],[-0.09132999598587221,0.9100673466026512,-0.5019581157262103,0.2741599770671195,-0.8704204473632569,-0.8594908055954946,-0.8929300368748827,0.18369215965697272,0.15655060705608426],[-0.5680167247397867,-0.7638497558179251,0.18070089942513357,0.13779702752911738,-0.2148153557316672,0.058191413132163916,0.38485657216321734,0.031616267297345235,0.5427103243843452],[-0.3981027495649949,0.8843210122234446,0.44450091544285053,0.22810745083996187,-0.5830268275367521,-0.5040542033431035,0.786135389313334,-0.5584536527948796,-0.8135121671524599],[-0.8151843399319894,0.7658837432336794,-0.0652615014978335,0.31250652977724247,0.5751450153771289,-0.33944264391156764,-0.49761356447416194,0.2743358659694315,0.6555038854867858]],"W_H1_H2":[[-0.930811587084579,-0.732323792553127,-0.9797242362101937,0.8578610311078863,-0.9453873057874596,-0.7804912712460699,-0.13614157849224373,0.7506342025047461,0.1655214261640372,0.049738318741386234,-0.2190498484260872,0.7040303825206975],[-0.9453216618988023,0.03379696226029982,-0.16086581035181058,0.05328961024227885,-0.05664105260143426,-0.1994795164021983,-0.1102313436522333,-0.6830424141460283,0.15775593372063734,0.1405859079567966,-0.7248161483937807,0.7083459401259933],[-0.679986599529677,0.9891631591468353,0.8798313404893807,0.33959470437308625,0.6668400659518201,0.3953828822859857,0.41195238459508055,0.2596604220846368,0.24849658246849549,0.9311893666896605,-0.7830355505156374,-0.9617700206550062],[-0.9619425292662467,0.51795892199866,-0.22762750119136554,-0.7137141063474763,-0.34704497782825916,-0.1962692613153405,-0.5646543592975035,-0.35741396218502275,0.12692992937612568,0.43529367012322795,0.2615785997733311,0.7861997207884759],[-0.1537765089973433,-0.663928624622623,-0.8800173966800442,0.9565115848344559,-0.16639032368107087,-0.38912873861896147,-0.13695225171239267,0.5798235518726735,0.8829556739778543,0.902062042863534,-0.6440215805087233,-0.08088272616632519]],"B_H1":[0.41969812086973346,0.35802923213975957,-0.7781716377330958,0.9468569838564715,0.8186586593084637,-0.9756828535197084,0.12645931764506302,0.39646611570759815,0.25172052755083274,0.3336601278601259,-0.7402779361980065,0.07019865384903556],"W_H2_O":[[0.7415287471064256,-0.09999537960801219,0.42171260026542723,0.7308059566581238,-0.2313476557561256],[-0.6401630578336104,-0.8602463947197561,-0.2148553430982656,-0.11361051152247326,0.26573371924201306],[0.5789435572445876,-0.7925494965534308,-0.17763516272982605,-0.31471896357925155,-0.2300467587717565]],"B_H2":[-0.23269518146685453,0.4882001405951919,-0.04143803623102338,0.08891215725168977,0.6968439593438014],"B_O":[0.05408414370459913,0.6747823885737181,-0.32556783102641296],"Points":10740}