{"Type":"BLUE","W_I_H1":[[0.7643005128106126,-0.01284936846367346,-0.5034477243574946,-0.669340553951973,0.8519209926133118,-0.4869537455617503,-0.1514034683957457,0.4517314436189861,-0.5752074948840913],[0.2816043854363386,0.5456456601581459,0.14681877917289787,-0.7451797232111517,-0.6960654331760248,-0.34906296957760063,0.9845294663868718,-0.7295958859724134,-0.7041673119700718],[-0.12332996168953159,-0.5470514089981784,0.6883643310474028,-0.16884112896812442,0.4544775186612322,-0.7415031653993891,0.6454452111565023,0.6255293176771972,0.37211497376934943],[0.5560456197632011,0.5247540224850349,-0.6048939686327097,0.397946034620426,0.5784981485720433,0.8859939418593934,-0.7153324730038904,-0.48077607284441615,0.2955529557767098],[0.9667989937663932,-0.4345492882171469,-0.728291114851138,0.6711409457674351,0.5299662816854418,0.829421639971405,-0.1032243612757695,-0.5306275939581131,0.9589116317315822],[0.7319885534945878,-0.92219545258783,-0.6474372704518776,-0.5486156499037029,0.05310021645003271,0.8085179421411546,-0.5197412659852334,-0.6984147878207825,-0.639160262972023],[0.5088628260302497,-0.46434620816524164,0.3454984009056199,0.17546722271850856,0.2092262663625346,-0.9100226685597954,-0.6667620979226332,-0.8604749052127938,-0.8525437882472113],[0.08557925708575964,0.8047004809481784,0.4215933989500651,-0.47400688615845143,-0.9302358111054334,0.11148671311384062,-0.5546749186069357,0.5160383256633296,0.6168634250209211],[0.7136525580580579,0.9024858780745022,0.5129531828697707,-0.8674835989071716,-0.9765531490243557,-0.8169767380720439,-0.017988627819379932,-0.12786684025443962,-0.7851553673221165],[0.9858878707134937,0.42877882680268975,0.7041525550826699,0.65570261132908,-0.7377007190544176,0.47930063124709155,-0.7148618506573283,-0.7564141401123818,-0.11801545217031828],[0.5014532768115769,0.10911882200325129,0.23518635663898757,-0.7201373029932283,0.6749950014766068,-0.7599096290673351,-0.37513861774141866,0.11013167482828945,0.7769054031600129],[-0.06985340767579973,0.576058862702254,-0.132139051987195,0.6347660750340873,0.8217818215517203,-0.23665687817449932,-0.5507037990865973,0.4901324122346462,0.19974781955036458]],"W_H1_H2":[[-0.6747492986562358,-0.2912972638392868,-0.06531400418865152,-0.5770701965560525,0.41718975382367685,0.6850024753953219,0.6636359437870134,0.19860638366566774,-0.9023952930307855,-0.06312776066854098,0.9312291478047525,-0.6787949429876798],[0.829103958426078,0.594662085768733,-0.6360058577225682,0.6895384046180224,0.6994153838138852,-0.7825716461408754,-0.9984844771087997,-0.38950680265226345,0.10116672096011059,-0.6414534085046606,0.7027385340400081,0.7257433852419681],[0.18353925513357106,0.33397562702734596,0.049406259834225974,-0.4520626649798538,0.618856731017225,-0.3914459804802981,0.8935249583739828,0.9063749507974943,-0.7996880953415473,-0.9202705741992492,-0.33417450666015536,-0.15109355319340367],[0.14197576453795802,0.6523415224067264,-0.13303918808119364,-0.11789619677058383,-0.7118955586225386,-0.9181561517013526,0.07686324166904601,-0.725164641319846,0.824645324188491,-0.7724918805481391,-0.20961628371854912,0.9777520984243198],[0.3022785338506262,0.3160401734170242,-0.6093443717613982,0.4412077347393013,0.2793169930237416,-0.4827691537144756,0.8260277276228283,0.8541669362335607,0.5606040696240551,0.687828357106963,0.7693166005766414,0.8616655033206599]],"B_H1":[-0.3029935947128122,-0.15962389123390808,0.8165300878241337,-0.6347731166466974,0.5707705981795195,-0.007983378144517994,0.033030315566822566,0.42863349771324577,0.37914232521133884,0.40758359879682504,-0.9483700339029089,0.7650461841949099],"W_H2_O":[[-0.3393958202371874,-0.0930767856488075,-0.0902419458850392,-0.1821266604296874,0.15774239268992507],[0.18157030857359602,0.33469011575838215,0.5054122055294676,-0.7454550392473602,0.5984265262821336],[0.09761181498277316,-0.11383501234760307,-0.7929385235137849,0.42957277155135354,0.3789779098844539]],"B_H2":[-0.8713998829004554,-0.6772290717599467,0.10853185814243571,-0.4098961799233356,0.20021335375310612],"B_O":[0.33687549010757833,0.24890363123126313,-0.9891922368870754],"Points":9340}